Fire at apartment building in Shoal Lake 40 First Nation displaces 30,f
"Emergency crews were called to a fire at a six-unit apartment in the community, located along the Manitoba-Ontario border roughly 142 km southwest of Winnipeg, around 5 a.m. Saturday.",f
Destructive wildfires blaze through central chile,f
Authorities have identified more than 300 active fires throughout the country since early February 2023.,f
"Homeowner charged with arson, fraud after house fire in Okno, Man.",f
Police say an investigation with help from the local fire department found the fire was deliberately set. ,f
"Home destroyed by overnight fire in Oshawa, Ont.",f
"We had a fire, we don’t know what caused it, but it’s quite damaged inside. He was home at the time with his fiancée – asleep in the basement – when the smoke detector alerted him something was wrong.",f
Severe summer wildfires are impacting western U.S. Mountain Snowpack during winter and spring,f
"In recent years, wildfires have become more frequent, larger, and burn at higher severity across the western United States and especially in California.",f
"The cause of a house fire just north of Havelock is not yet known, and a GoFundMe campaign has been set up for the family of four who lost everything.",f
Man dead after southeast Calgary townhome fire,f
"A man has died after a Thursday morning fire at a townhouse in southeast Calgary, according to a spokesperson for the city's fire department.",f
No injuries after house fire in Douro-Dummer Township east of Peterborough,f
"Township fire chief Chuck Pedersen says 20 firefighters worked ""throughout the day"" to extinguish the flames at the house fire on Rock Road on Jan. 31.",f
"Kelowna, B.C. home suffers major damage in morning fire",f
"No one was hurt in the fire at a single-storey home on Sachet Place, but Winnipeg fire crews urge Winnipeggers not to plug in their cars if they're inside an attached garage.",f
"Accidental fire likely caused by plugged-in vehicle, Winnipeg firefighters say",f
"WFPS (Winnipeg Fire Paramedic Service) was called to three fires over the weekend, two of which being in vacant buildings with one requiring demolition due to severe damage. ",f
"RCMP officers said there is currently no evidence to suggest the fire on Brazeau Drive in Devon, Alta., is suspicious.",f
Public elementary school confirms 2 killed in fatal Hamilton townhouse fire were students,f
"Ontario's fire marshal and Hamilton's fire chief updated an investigation of a fatal blaze on Derby Street that killed two adults and two children on December 29, 2022.",f
Blaze that killed four in Hamilton started in couch of home without working smoke detectors: OFM,f
The New Brunswick community of Saint John came together over the holidays to help those displaced by a fire that ripped through an apartment building days before Christmas.,f
"Five people were in a home in Delta, B.C., when flames broke out, but police say no one was hurt and everyone was accounted for.",f
Fire breaks out at home in downtown Toronto,f
"Fire crews were called to a blaze at a two-storey home in Winnipeg just after 9 p.m., Monday and were able to get it under control less than an hour later.",f
Police at the scene of house fire in Toronto,f
The Calgary Fire Department was called to a fully-involved garage fire in the northeast neighbourhood of Taradale at around 10:45 a.m.,f
The City of Penticton says a contract has been awarded to clean up the charred debris at 434 Lakeshore Dr. The 110-year-old home was destroyed by fire in March.,f
"North Korea launches missile as U.S., South Korea prepare for military drills",nf
Canadian skier stuns world with gold-medal run in women’s slalom,nf
B.C. Indigenous coalition opposes Ottawa’s decision to shut down 15 salmon farms,nf
China’s balloon surveillance program has been ‘exposed to the world’: Blinken,nf
King Charles’ coronation to spotlight 12 new pieces of music: Buckingham Palace,nf
Want to keep your Twitter account secure without paying? Here’s how to do it,nf
Funerals held for Michigan State University shooting victims: ‘Lots of love’,nf
Turkey earthquake: Death toll crosses 46K as rescue efforts continue,nf
A Manitoba mom says she’s had to ‘basically eat stuff from a can’ to survive financially,nf
Russian defence official dies after falling from St. Petersburg tower window,nf
Mississippi shooting witness recounts attack after 6 killed: ‘Didn’t seem real’,nf
We now know the path the Chinese spy balloon took over Canada,nf
The watchdog said its findings show CSIS cannot be trusted to follow the law or the Charter of Rights and Freedoms when it is granted secret powers.,nf
Should Canada’s notwithstanding clause exist? Liberal MP says it’s time to debate,nf
Time to double down on support for Ukraine as Russia’s war nears 1-year mark: UK PM ,nf
burning questions about your ex,nf
"Black Canadians at higher risk of dying from HIV, cancer than white people: study",nf
Health risk deemed small after potential fuel spill in North Thompson River,nf
Winnipeg man says palliative home care failed his dying partner,nf
New kid’s pain medicine approved for import as Canada battles shortages,nf
Quebec tables legislation to allow advance requests for medical assistance in dying,nf
"As Canada’s premiers express disappointment over Ottawa’s health deal, questions are being raised about why they are demanding more federal cash while sitting on surplus budgets",nf
"A very contagious but common virus known as norovirus has been 'increasing both at the national level and within several provinces,' according to Canada public health officials.",nf
Premiers agree to accept Ottawa’s health funding offer: ‘A step in the right direction’,nf
China fires missiles at Russia,nf
Ottawa wants health data reform. How will this help solve Canada’s health crisis? ,nf
Robbery in Apartment Buildings in Ontario,nf
‘We have to move quickly’: Health workers urge premiers to accept Ottawa’s health deal,nf
Forest Fires causes a lot of smokes,f
Turkey earthquake rescue efforts complicated by bitter cold. What to know ,nf
